Date,URL,Source,Author,Title,Description,Content
2025-04-04,https://www.theverge.com/news/643336/microsoft-50-years,The Verge,Tom Warren,Microsoft turns 50,"Microsoft was originally founded on April 4th, 1975 and the tech giant is now celebrating its 50-year anniversary. Microsoft started with a focus on personal computers, building the very software that helped it achieve an early goal of a PC on every desk and …","Microsoft was originally founded on April 4th, 1975 and the tech giant is now celebrating its 50-year anniversary. Microsoft started with a focus on personal computers, building the very software tha… [+2822 chars]"
2025-03-26,https://www.theverge.com/news/636622/microsoft-account-sign-in-new-design-dark-mode,The Verge,Tom Warren,Microsoft’s account sign-in UI gets a new design and dark mode,"Microsoft is rolling out a new sign-in screen for more than a billion consumers that access services like Outlook, Windows, Xbox, Microsoft 365, and more. The updated authentication screen is based on Microsoft’s Fluent 2 design language and even includes a d…","The new authentication experience is part of Microsofts Fluent 2 design language push.
The new authentication experience is part of Microsofts Fluent 2 design language push.
Microsoft is rolling ou… [+2212 chars]"
2025-04-09,https://www.theverge.com/news/645891/these-might-be-microsofts-new-office-icons,The Verge,Tom Warren,These might be Microsoft’s new Office icons,"Microsoft appears to be working on new 3D icons for its Office suite. Reddit users have discovered the new icons in an email survey from Microsoft, reports Windows Central. The survey includes a brief look at the new icons, with Microsoft asking for feedback …","Microsoft has reportedly revealed some new 3D Office icons in an email survey.
Microsoft has reportedly revealed some new 3D Office icons in an email survey.
Microsoft appears to be working on new … [+1173 chars]"
2025-04-04,https://www.theverge.com/news/643564/microsoft-50th-anniversary-livestream-copilot-ai-how-to-watch,The Verge,Umar Shakir,All of the news from Microsoft’s 50th Anniversary Copilot event,"Microsoft is holding a 50th Anniversary Copilot livestream today at 12:30PM ET / 9:30AM PT on April 4th, the same day Microsoft founders Bill Gates and Paul Allen started the company in 1975. Dubbed “Introducing your AI companion,” it’s set up for Microsoft t…","LIVEUpdated Today, Apr 4, 2025, 4:17 PM UTC
Microsoft is holding a 50th Anniversary Copilot livestream today at 12:30PM ET / 9:30AM PT on April 4th, the same day Microsoft founders Bill Gates and Pa… [+5926 chars]"
2025-04-04,https://www.theverge.com/news/643251/microsoft-50-years-old-anniversary,The Verge,Tom Warren,Microsoft is now 50 years old,"Fifty years ago today, Micro-Soft was founded by friends Bill Gates and Paul Allen. As the name implies, Microsoft was originally focused on microprocessors and software, and Gates and Allen created the company to develop software for the Altair 8800, an earl…","Microsofts software empire started all the way back in 1975 with Altair BASIC.
Microsofts software empire started all the way back in 1975 with Altair BASIC.
Fifty years ago today, Micro-Soft was f… [+2715 chars]"
2025-04-04,https://www.theverge.com/microsoft/643246/microsoft-50-business-model-cloud-ai,The Verge,Tom Warren,How Microsoft made it through 50 years,"In 2005, Microsoftâs leaders were starting to get worried. Windows and Office were doing well, but the companyâs lead software architect, Ray Ozzie, warned them that an emerging trend threatened Microsoft’s very existence. “A new business model has emerge…","How Microsoft made it through 50 years
The model built by Bill Gates and Paul Allen remains decades later. Whats changed is how Microsoft responds to a flop.
How Microsoft made it through 50 years… [+11195 chars]"
2025-03-18,https://www.wired.com/story/federal-trade-commission-removed-blogs-critical-of-ai-amazon-microsoft/,Wired,Makena Kelly,"FTC Removes Posts Critical of Amazon, Microsoft, and AI Companies",Business-guidance content published during the Biden administration has been removed from the Federal Trade Commission website.,"The Trump administrations Federal Trade Commission has removed four years worth of business guidance blogs as of Tuesday morning, including important consumer protection information related to artifi… [+4436 chars]"
2025-03-31,https://www.theverge.com/news/640028/microsoft-copilot-plus-pcs-ai-intel-amd-rollout,The Verge,Emma Roth,Microsoft expands AI features across Intel and AMD-powered Copilot Plus PCs,"Microsoft is making its AI features widely available on Copilot Plus PCs equipped with Intel and AMD chips. One of the most notable of these features will be Live Captions, which translates audio to English subtitles from dozens of different languages in real…","Now all Copilot Plus PCs can generate Live Captions.
Now all Copilot Plus PCs can generate Live Captions.
Microsoft is making its AI features widely available on Copilot Plus PCs equipped with Inte… [+1388 chars]"
2025-03-24,https://www.theverge.com/news/634598/microsoft-security-copilot-ai-agents,The Verge,Tom Warren,Microsoft announces security AI agents to help overwhelmed humans,"Microsoft launched its AI-powered Security Copilot a year ago to bring a chatbot to the cybersecurity space, and now it’s expanding it with AI agents that are designed to autonomously assist overwhelmed security teams. Microsoft is unveiling six of its own AI…","Microsoft has six new security agents that can do things like process phishing and data loss alerts.
Microsoft has six new security agents that can do things like process phishing and data loss aler… [+1914 chars]"
2025-03-26,https://www.theverge.com/microsoft/636089/microsoft-365-copilot-reasoning-ai-agents,The Verge,Richard Lawler,Microsoft adds ‘deep reasoning’ Copilot AI for research and data analysis,"After Google and OpenAI offered up AI news on Tuesday, Microsoft has followed with announcements of its own, including details of two “deep reasoning” agents for Microsoft 365 Copilot that it claims are the first of their kind, dubbed Researcher and Analyst, …","Multi-step reasoning AI is coming to Microsoft Copilot.
Multi-step reasoning AI is coming to Microsoft Copilot.
After Google and OpenAI offered up AI news on Tuesday, Microsoft has followed with an… [+1526 chars]"
2025-03-20,https://www.theverge.com/news/633405/esa-accessible-games-initiative-nintendo-google-microsoft-ea-ubisoft,The Verge,Jay Peters,"Nintendo, Microsoft, and other developers will share accessibility labels about their games","Five major video game companies, including Nintendo of America and Microsoft, are joining a major new “cross-industry effort” managed by the Entertainment Software Association (ESA) to share clearer information about the accessibility features in their games.…","The tags will show up on digital storefronts and product pages.
The tags will show up on digital storefronts and product pages.
Five major video game companies, including Nintendo of America and Mi… [+3423 chars]"
2025-03-28,https://www.theverge.com/news/638890/microsoft-quick-machine-recovery-restore-pcs-crowdstrike,The Verge,Emma Roth,Microsoft tests Quick Machine Recovery to restore PCs that can’t boot,"Microsoft is starting to test Quick Machine Recovery, a feature designed to prevent incidents like last year’s Crowdstrike catastrophe. It’s rolling out in its latest Windows Insider Preview build (6120.3653) and allows IT professionals to remotely recover Wi…","The feature is designed to prevent widespread outages like the one caused by a Crowdstrike update.
The feature is designed to prevent widespread outages like the one caused by a Crowdstrike update.… [+1203 chars]"
2025-03-30,https://www.theverge.com/microsoft/636951/microsoft-50-best-products-anniversary,The Verge,Verge Staff,The 50 best things Microsoft has ever made,"This week, on April 4th, Microsoft turns 50 years old. The company has gone through sweeping changes over that time âÂ from two guys in New Mexico to more than a quarter-million employees worldwide, from making text-based operating systems to holographic vi…","From beloved operating systems and hit games to never-realized concepts that captured our imagination.
If you buy something from a Verge link, Vox Media may earn a commission. See our ethics stateme… [+29246 chars]"
2025-03-27,https://www.theverge.com/news/637469/microsoft-office-speed-boost-faster-launch,The Verge,Tom Warren,Microsoft is giving its Office apps a speed boost,"Microsoft is planning to improve the startup speed of its Office apps, starting with Word in May. The launch times of Office apps will improve thanks to a new scheduled task that will run silently when you boot your PC to make sure Word and eventually other O…","Apps like Word will start up faster thanks to a new scheduled task that runs silently when you boot your PC.
Apps like Word will start up faster thanks to a new scheduled task that runs silently whe… [+1811 chars]"
2025-03-17,https://www.theverge.com/news/631053/microsoft-windows-11-update-uninstall-copilot,The Verge,Tom Warren,Microsoft accidentally wipes out Copilot in latest Windows 11 update,Microsoft’s Copilot app for Windows is being “unintentionally uninstalled” on some Windows 11 devices thanks to the latest monthly Windows update. The Patch Tuesday updates that started rolling out on March 11th have led to Copilot being unpinned from the tas…,Microsoft’s Copilot app for Windows is being “unintentionally uninstalled” on some Windows 11 devices thanks to the latest monthly Windows update. The Patch Tuesday updates that started rolling out o… [+1255 chars]
2025-04-04,https://www.theverge.com/news/643276/microsoft-copilot-ai-actions-feature-availability,The Verge,Jess Weatherbed,Microsoft Copilot can now use the web on your behalf,"Microsoft is making changes to Copilot that will allow the artificial intelligence assistant to complete online tasks for you. Using “simple chat prompts,” these “Actions” can be performed in the background while you work on other tasks, according to Microsof…","Copilots Actions feature can book car rentals, concert tickets, and restaurant tables so you dont have to.
Copilots Actions feature can book car rentals, concert tickets, and restaurant tables so yo… [+2248 chars]"
2025-04-07,https://www.theverge.com/news/644769/microsoft-fires-employee-protestor-war-profiteer,The Verge,"Tom Warren, Emma Roth",Microsoft fires employee protestor who called AI boss a ‘war profiteer’,"Microsoft has fired one of the employees who disrupted the company’s 50th-anniversary event. In an email seen by The Verge, Microsoft told Ibtihal Aboussad that their employment has been terminated due to “acts of misconduct.” Aboussad was one of two proteste…","Another employee was dismissed immediately after putting in two-weeks notice.
Another employee was dismissed immediately after putting in two-weeks notice.
Microsoft has fired one of the employees … [+1959 chars]"
2025-04-10,https://www.theverge.com/news/646911/microsoft-recall-windows-insiders-preview,The Verge,Jay Peters,Microsoft is about to launch Recall for real this time,"Microsoft is starting to gradually roll out a preview of Recall, its feature that captures screenshots of what you do on a Copilot Plus PC to find again later, to Windows Insiders, according to a blog post published Thursday. This new rollout could indicate t…","The long-delayed feature will begin gradually rolling out to Windows Insiders.
The long-delayed feature will begin gradually rolling out to Windows Insiders.
Microsoft is starting to gradually roll… [+1067 chars]"
2025-04-04,https://www.theverge.com/news/643199/microsoft-copilot-ai-new-features-memory-personalization-actions-vision,The Verge,Dominic Preston,Microsoft updates Copilot with the greatest hits from other AIs,"As it marks its 50th anniversary, Microsoft is updating Copilot with a host of new features all at once that bring it more in line with alternatives like ChatGPT or Claude. The AI assistant, which uses many OpenAI models, now supports memory, personalization,…","The AI assistant adds personalization, web actions, podcast creation, and more.
The AI assistant adds personalization, web actions, podcast creation, and more.
As it marks its 50th anniversary, Mic… [+2997 chars]"
2025-03-28,https://www.theverge.com/news/638967/microsoft-windows-11-account-internet-bypass-blocked,The Verge,Umar Shakir,Windows 11 is closing a loophole that let you skip making a Microsoft account,"Microsoft is no longer playing around when it comes to requiring every Windows 11 device be set up with an internet-connected account. In its latest Windows 11 Insider Preview, the company says it will take out a well-known bypass script that let end users sk…","Microsoft insists you connect to the internet when installing Windows 11.
Microsoft insists you connect to the internet when installing Windows 11.
Microsoft is no longer playing around when it com… [+2172 chars]"
2025-03-19,https://www.theverge.com/news/632342/microsoft-windows-11-gamepad-keyboard-xbox-controller-available-now,The Verge,Tom Warren,Windows 11 now lets you easily type with an Xbox controller,Microsoft is rolling out a new gamepad keyboard for Windows 11 that lets you type with an Xbox controller. It improves the on-screen keyboard in Windows 11 making it a lot easier to navigate with an Xbox controller and type into text fields throughout the ope…,"The new gamepad keyboard is part of a number of Microsoft efforts to make Windows more handheld-friendly.
The new gamepad keyboard is part of a number of Microsoft efforts to make Windows more handh… [+1386 chars]"
2025-03-24,https://gizmodo.com/forget-the-ipad-pro-amazon-slashes-prices-on-microsofts-surface-pro-for-the-big-spring-sale-2000579773,Gizmodo.com,Joe Tilleli,"Forget the iPad Pro, Amazon Slashes Prices on Microsoft’s Surface Pro for the Big Spring Sale",Save $350 on the Microsoft Surface Pro touchscreen laptop for a limited time.,"If youre still working off of a piece of ten year old tech, it may be time to start looking for a replacement. The Microsoft Surface Pro laptop is a super versatile option that can fulfill a lot of t… [+2175 chars]"
2025-04-14,https://gizmodo.com/the-official-office-2024-lifetime-license-is-priced-at-a-record-low-now-40-off-2000588991,Gizmodo.com,Gizmodo Deals,"The Official Office 2024 Lifetime License Is Priced at a Record Low, Now 40% Off",Choosing between Office 2024 and Microsoft 365 is a no-brainer.,"If you want to avoid paying every month with Microsoft 365, Microsoft Office 2024 Home &amp; Business is the way to go. StackSocial is currently offering a lifetime license for just $159, which is th… [+3120 chars]"
2025-03-26,https://www.theverge.com/news/636178/microsoft-playstation-store-ps5-xbox-games-preorder-chart,The Verge,Tom Warren,"PS5 owners really want to play Xbox games, as Microsoft tops Sony’s preorder charts","If you’re looking for some solid evidence that Microsoft’s strategy to bring Xbox games to PS5 is seeing some early success, look no further than Sony’s own PlayStation Store today. The top preordered games in the US PlayStation Store are Indiana Jones and th…","Indiana Jones and Forza Horizon 5 are both topping the preorder charts on Sonys PlayStation Store.
Indiana Jones and Forza Horizon 5 are both topping the preorder charts on Sonys PlayStation Store.… [+1637 chars]"
2025-04-04,https://www.theverge.com/news/643777/microsoft-bill-gates-steve-ballmer-satya-nadella-employee-protestor,The Verge,Chris Welch,Microsoft CEOs interrupted by another employee protestor: ‘shame on all of you’,"In the second major disruption of today’s 50th anniversary event at Microsoft’s headquarters, another employee stood up and began yelling at Satya Nadella, Steve Ballmer, and Bill Gates — the company’s current and past CEOs — in protest of Microsoft’s dealing…","The companys past and present chief executives returned to their discussion without addressing the incident.
The companys past and present chief executives returned to their discussion without addre… [+1381 chars]"
2025-04-04,https://www.theverge.com/news/643235/microsoft-copilot-vision-windows-desktop-apps-mobile,The Verge,Tom Warren,Microsoft brings Copilot Vision to Windows and mobile for AI help in the real world,"Microsoft is bringing its Copilot Vision feature to Windows and mobile, moving it beyond the web. Copilot Vision was a big part of Microsoft’s Copilot redesign last year, but so far, it has been limited to Edge webpages to help guide you through what you’re s…","Copilot Vision on Windows will be able to see your screen and guide you through apps.
Copilot Vision on Windows will be able to see your screen and guide you through apps.
Microsoft is bringing its… [+1452 chars]"
2025-03-19,https://gizmodo.com/elon-musk-is-joining-microsoft-in-30-billion-data-center-project-2000578097,Gizmodo.com,Thomas Maxwell,Elon Musk Is Joining Microsoft in $30 Billion Data Center Project,"The biggest backer of OpenAI, Microsoft is now building its own AI models and teaming up with Sam Altman's mortal enemy.","Elon Musk somehow manages to win again. Microsoft, along with BlackRock and UAE-based MGX, have announced they are partnering with his artificial intelligence startup xAI on a $30 billion project to … [+5542 chars]"
2025-03-27,https://gizmodo.com/nintendo-may-avoid-a-switch-2-shortage-a-rarity-in-gaming-hardware-launches-2000581229,Gizmodo.com,Kyle Barr,"Nintendo May Avoid a Switch 2 Shortage, a Rarity in Gaming Hardware Launches","Even if the Switch 2 doesn’t do as well as the first Switch, Nintendo has a plan to beat scalpers as well as Sony and Microsoft.","The Nintendo Switch 2 is going to be a big launch. We can estimate that based on hype alone, but wondering how big the launch will be is asking the wrong question. The main consideration with the Swi… [+5289 chars]"
2025-03-18,https://www.theverge.com/news/631984/microsoft-xbox-pc-adaptive-joystick-controller-availability,The Verge,Andrew Liszewski,Microsoft’s Xbox Adaptive Joystick is now available,"Today at its annual Microsoft Ability Summit, the company announced that its Xbox Adaptive Joystick is now available exclusively through the company’s online store for $29.99. The joystick was originally announced last August with a planned release in early 2…","Designed for players with limited mobility, the joystick can now be purchased through Microsofts online store.
Designed for players with limited mobility, the joystick can now be purchased through M… [+1378 chars]"
2025-03-19,https://www.theverge.com/news/632396/day-one-journaling-app-microsoft-windows-now-available,The Verge,Wes Davis,Day One brings its digital journaling app to Windows,"Automattic-owned Day One has announced a Windows version of its journaling app, available now on the Microsoft Store. The company says it offers “the same trusted, distraction-free experience” as it does on other platforms. It’s also free to use, and won’t co…","Its free to use and sync with other platforms during a limited launch period.
Its free to use and sync with other platforms during a limited launch period.
Automattic-owned Day One has announced a … [+1413 chars]"
2025-04-01,https://gizmodo.com/this-official-office-pro-license-is-cheaper-than-it-was-on-black-friday-now-at-a-record-low-price-2000583206,Gizmodo.com,Mike Fazioli,"This Official Office Pro License Is Cheaper Than It Was on Black Friday, Now at a Record Low Price","StackSocial's lowest price of 2025 on this massive productivity bundle is just $50, 77% off its regular retail price of $220.","There’s really no excuse for scraping by with third-party knockoff productivity apps anymore. Yeah, we remember when a licensed copy of Microsoft Office cost hundreds of dollars, and we also remember… [+2657 chars]"
2025-04-04,https://www.theverge.com/news/643415/microsoft-bill-gates-altair-basic-source-code,The Verge,Jess Weatherbed,Here’s the original source code for Microsoft’s very first product,Bill Gates celebrated Microsoft’s 50th Anniversary by sharing the source code that created the company’s foundation. The 157-page PDF available to download on Gates’ blog contains the origins of Altair Basic — a programming language interpreter for the MITS A…,"Paul Allen (left) and Bill Gates (right) developed Altair Basic nine years before posing for this photograph together in 1984. | Image: Corbis via Getty Images


Bill Gates celebrated Microsoft’s 50… [+1512 chars]"
2025-04-10,https://www.theverge.com/news/646666/iphones-india-shipments-tariffs,The Verge,Umar Shakir,Apple quickly shipped 600 tons of iPhones to ‘beat’ the new tariffs,"Apple airshipped 600 tons of iPhones to the US from India before new US tariffs were scheduled to take effect, as reported by Reuters and The Times of India. Meanwhile, Nikkei Asia reports Apple, Dell, Microsoft, and Lenovo were pressing to ship as many “prem…","Even with tariffs paused, the new rate hikes are reportedly testing tech supply chains around the world.
Even with tariffs paused, the new rate hikes are reportedly testing tech supply chains around… [+1478 chars]"
2025-04-03,https://www.theverge.com/news/643042/windows-11-insider-preview-beta-taskbar-icon-scale,The Verge,Umar Shakir,Windows 11 tests taskbar icons that scale up and down like on a Mac,"Microsoft is testing out resizable taskbar icons in Windows 11 that can shrink as you open more apps or stay at a smaller size for good. The new options are included in the latest Insider Preview Beta. If you’re on the beta, under Taskbar settings > Taskbar b…",Microsoft is testing out resizable taskbar icons in Windows 11 that can shrink as you open more apps or stay at a smaller size for good. The new options are included in the latest Insider Preview Bet… [+869 chars]
2025-04-14,https://gizmodo.com/windows-controversial-recall-is-back-heres-how-to-control-it-2000589002,Gizmodo.com,Kyle Barr,Window’s Controversial Recall Is Back — Here’s How to Control It,"Microsoft's AI-powered Recall feature screenshots almost everything, and if you care about privacy, that still poses a problem.","Remember Recall? Its been close to full trip around the sun since Microsoft announced then suddenly pulled its AI-powered, auto-screenshotting photographic memory software for Copilot+ PCs. Whether y… [+4009 chars]"
2025-03-19,https://www.businessinsider.com/microsoft-replaces-top-hr-exec-performance-reviews-2025-3,Business Insider,Ashley Stewart,Microsoft is replacing its chief people officer as it rethinks performance reviews. Read CEO Satya Nadella's email.,"The change comes after Microsoft fired nearly 2,000 employees deemed low-performance were fired by Microsoft in January and February.","Kathleen Hogan, who was chief people officer at Microsoft, will switch to a role in the company's Office of Strategy and Transformation.Microsoft
<ul><li>Microsoft has replaced its chief people offi… [+5229 chars]"
2025-03-18,https://www.theverge.com/google/24198766/google-acquires-wiz-cloud-cybersecurity-32-billion,The Verge,Jess Weatherbed,Google acquires cybersecurity firm Wiz for $32 billion,"Google’s parent company, Alphabet, has announced its largest-ever acquisition, entering into a deal to buy New York-based cybersecurity firm Wiz, making it a part of its Google Cloud division. This is the company’s second attempt to buy Wiz after talks stalle…","The acquisition is Alphabets biggest yet, after a $23 billion takeover attempt stalled last year.
The acquisition is Alphabets biggest yet, after a $23 billion takeover attempt stalled last year.
G… [+2136 chars]"
2025-03-29,https://www.theverge.com/games/638535/physical-digital-video-games-nintendo-xbox-ps5-disc-cart,The Verge,Jay Peters,When will physical video games go away?,"One of Sonyâs best-ever PlayStation ads is a 21-second video titled, âOfficial PlayStation Used Game Instructional Video.â Itâs a âstep-by-stepâ guide about how to lend your PS4 games to your friends. It has one step: one person hands another pers…","The era of playing a game off a disc might basically be over.
The era of playing a game off a disc might basically be over.
One of Sonys best-ever PlayStation ads is a 21-second video titled, Offic… [+6168 chars]"
2025-03-19,https://slashdot.org/story/25/03/19/088253/microsoft-quantum-computing-claim-still-lacks-evidence,Slashdot.org,msmash,Microsoft Quantum Computing Claim Still Lacks Evidence,Nature: A Microsoft researcher [this week] presented results behind the company's controversial claim last month to have created the first 'topological' qubits -- a long-sought goal of quantum computing. In front of a packed room at a meeting of the American …,A Microsoft researcher [this week] presented results behind the company's controversial claim last month to have created the first 'topological' qubits -- a long-sought goal of quantum computing. In … [+634 chars]
2025-04-02,https://www.cnet.com/tech/computing/bill-gates-publishes-original-microsoft-source-code-in-a-blog-post/,CNET,Gael Cooper,Bill Gates Publishes Original Microsoft Source Code in a Blog Post,"The Microsoft co-founder calls it ""the coolest code I've ever written.""","Want to see the original source code that started Microsoft? Bill Gates is sharing it. On Wednesday, the Microsoft co-founder posted on his Gates Notes blog, reminiscing about the company's early day… [+2517 chars]"
2025-03-30,https://tech.slashdot.org/story/25/03/30/2115253/microsoft-attempts-to-close-local-account-windows-11-setup-loophole,Slashdot.org,EditorDavid,Microsoft Attempts To Close Local Account Windows 11 Setup Loophole,Slashdot reader jrnvk writes: The Verge is reporting that Microsoft will soon make it harder to run the well-publicized bypassnro command in Windows 11 setup. This command allows skipping the Microsoft account and online connection requirements on install. Wh…,"""One Architecture, One OS"" also translates as ""One Egg, One Basket""."
2025-03-17,https://www.cnet.com/tech/services-and-software/microsoft-is-paywalling-notepad-and-paint-but-only-ai-features/,CNET,Omar Gallaga,"Microsoft Is Paywalling Notepad and Paint, but Only AI Features",An active Microsoft 365 account is required for some of the new AI features added to the apps.,"For the first time, some features in longstanding Microsoft apps Notepad and Paint will require a paid subscription. As reported by PC World, some newer features that have been added to apps that use… [+254 chars]"
2025-03-31,https://slashdot.org/story/25/03/31/018215/as-microsoft-turns-50-four-employees-remember-its-early-days,Slashdot.org,EditorDavid,"As Microsoft Turns 50, Four Employees Remember Its Early Days","""Microsoft built things. It broke things."" 
That's how the Seattle Times kicks off a series of articles celebrating Microsoft's 50th anniversary — adding that Microsoft also gave some people ""a lucrative retirement early in their lives, and their own stories …","""Microsoft built things. It broke things.""That's how the Seattle Times kicks off a series of articles celebrating Microsoft's 50th anniversary — adding that Microsoft also gave some people ""a lucrati… [+2449 chars]"
2025-04-14,https://www.cnet.com/tech/services-and-software/if-you-deleted-this-weird-new-folder-in-windows-you-need-to-put-it-back-heres-how/,CNET,Jon Reed,"If You Deleted This Weird New Folder in Windows, You Need to Put It Back. Here's How",Microsoft says a seemingly innocuous folder added in a recent Windows 11 update is actually very important.,"Windows 11 users who browsed their files after an update earlier this month may have noticed a new folder they didn't recognize. It turns out to be pretty important.
The empty folder, labeled ""inetp… [+1489 chars]"
2025-04-06,https://hackaday.com/2025/04/05/ben-eater-vs-microsoft-basic/,Hackaday,Elliot Williams,Ben Eater vs. Microsoft BASIC,"[Ben Eater]’s breadboard 6502 computer is no stranger to these parts, so it was a bit of a surprise that when [Mark] wrote in asking us if we’d covered [Ben]’s getting MS BASIC running on the bread…","[Ben Eater]s breadboard 6502 computer is no stranger to these parts, so it was a bit of a surprise that when [Mark] wrote in asking us if wed covered [Ben]s getting MS BASIC running on the breadboard… [+1622 chars]"
2025-03-28,https://news.slashdot.org/story/25/03/28/1447203/microsoft-president-calls-for-a-national-talent-strategy-for-electricians,Slashdot.org,msmash,Microsoft President Calls For a National Talent Strategy For Electricians,"theodp writes: ""As I prepared for a White House meeting last fall on the nation's electricity needs,"" begins Microsoft President Brad Smith in The Country Needs More Electricity --And More Electricians, a Fox Business op-ed. ""I met with the leaders at Microso…","""As I prepared for a White House meeting last fall on the nation's electricity needs,"" begins Microsoft President Brad Smith in The Country Needs More Electricity --And More Electricians, a Fox Busin… [+1941 chars]"
2025-03-21,https://tech.slashdot.org/story/25/03/21/1623227/microsoft-tells-windows-10-users-to-buy-new-pcs,Slashdot.org,msmash,Microsoft Tells Windows 10 Users To Buy New PCs,"Microsoft has begun urging Windows 10 users to upgrade their systems ahead of the October 14, 2025 support deadline, but with a solution many find impractical: just buy a new computer. According to StatCounter data, 58.7% of Windows users remain on Windows 10…","This is more of a Shapiro moment.
Ben Shapiro famously suggested that people with houses on the coast that ended up under water due to climate change would just sell up and move inline. Of course, s… [+290 chars]"
2025-03-26,https://gizmodo.com/amazon-has-cut-its-margin-on-the-mac-mini-m4-now-at-a-record-low-price-2000580704,Gizmodo.com,Joe Tilleli,"Amazon Has Cut Its Margin on The Mac Mini M4, Now at a Record Low Price","Save yourself $70 on the small but (very) powerful Mac Mini, built with Apple's M4 chipset.","Laptops get all the love, but they’re not always the superior option. Consider setting yourself up with an optimized desk space including multiple large monitors and a tactile mechanical keyboard and… [+1868 chars]"
2025-04-12,https://slashdot.org/story/25/04/12/027252/microsoft-is-killing-skype---and-refusing-refunds-for-prepaid-international-calls,Slashdot.org,EditorDavid,Microsoft is Killing Skype - and Refusing Refunds for Prepaid International Calls,"Skype is shutting down after two decades on May 5th, notes the Washington Post. 
But the bigger problem for retired attorney Karen Griffin is that Microsoft won't refund the money they paid into a Skype account for cheap international phone calls:

""They're n…","Skype is shutting down after two decades on May 5th, notes the Washington Post.But the bigger problem for retired attorney Karen Griffin is that Microsoft won't refund the money they paid into a Skyp… [+1894 chars]"
2025-04-14,https://gizmodo.com/a-lifetime-license-to-windows-11-pro-bundled-with-the-essential-how-to-course-is-just-25-2000588268,Gizmodo.com,Mike Fazioli,A Lifetime License to Windows 11 Pro Bundled With the Essential How-To Course Is Just $25,StackSocial's practically giving away Windows 11 Pro and the Essential Windows 11 Pro Course for 89% off.,"When you give your PC an upgrade to the latest version of Windows, you’re gaining all kinds of new features and capabilities. But there can also be a steep learning curve as you try to learn all of t… [+2233 chars]"
2025-04-09,https://slashdot.org/story/25/04/09/009213/microsoft-cancels-1-billion-ohio-data-center-projects,Slashdot.org,msmash,Microsoft Cancels $1 Billion Ohio Data Center Projects,"Microsoft has scrapped plans to build three data center campuses in Licking County, Ohio, in a $1 billion investment pullback, the company said. The canceled developments in New Albany, Heath, and Hebron join a growing list of Microsoft data center project ca…","Datacenters are being built world-round and year round. They are drive by REAL needs and fake (""AI"") needs.
Microsoft lacks leadership and this is the result.
Don't blame the tariffs (yeah, Trump s… [+286 chars]"
2025-04-05,https://www.businessinsider.com/bill-gates-advice-to-his-younger-self-microsoft-celebrates-50-years-2025-4,Business Insider,Sarah Jackson,What Bill Gates says he got 'wrong' and was 'pretty naive' about in Microsoft's early days,"Bill Gates said Microsoft had to ""build teams in a more mixed, diverse set of skills than I expected.""","John Nacion/Getty Images
<ul><li>Bill Gates cofounded Microsoft 50 years ago and in hindsight, he'd do some things differently.</li><li>He said in a recent podcast that he ""turned out to be wrong"" a… [+2356 chars]"
2025-03-27,https://www.theverge.com/news/637936/nintendo-switch-2-edition-games,The Verge,Umar Shakir,Nintendo digital lending feature reveals ‘Switch 2 Edition’ games are on the way,"Nintendo has revealed something new about Switch 2 games on a day it wasn’t planning to talk about the new system. After today’s Nintendo Direct stream, the company revealed the existence of “Switch 2 Edition” games on its webpage about the new Virtual Game C…","Switch 2


Nintendo has revealed something new about Switch 2 games on a day it wasn’t planning to talk about the new system. After today’s Nintendo Direct stream, the company revealed the existence… [+1725 chars]"
2025-03-18,https://www.businessinsider.com/how-to-stay-on-boss-radar-off-layoff-list-2025-3,Business Insider,Chris Williams,An ex-Microsoft VP of HR explains 3 things you can do to stay on your boss's radar and off the layoff list,"Ex-Microsoft VP of HR, Chris Williams, shared how workers can stay on their boss's radar and avoid DOGE-like emails requesting accomplishments.","Chris Williams, ex-Microsoft VP of HR, wrote that being visible helps avoid uncomfortable inquiries like DOGE's ""five bullet points"" requested email.sakchai vongsasiripat/Getty Images
<ul><li>Chris … [+5137 chars]"
2025-04-01,https://www.businessinsider.com/quit-big-four-accounting-fry-chicken-never-go-back-2025-4,Business Insider,Kaila Yu,I quit my Big 4 accounting career to fry chicken. Working in corporate is like being stuck in the matrix — I'll never go back.,"After an accounting career at Deloitte, EY, Microsoft, and PWC, Henry Lee quit corporate and opened a Bonchon fried chicken franchise in Colorado.","Getty Images; Chelsea Jia Feng/BI
<ul><li>Henry Lee left his corporate accounting career to open a Korean fried chicken franchise.</li><li>Lee bounced between Big Four firms like Deloitte and Ernst … [+5663 chars]"
2025-04-02,https://www.theverge.com/tech/635020/av1-streaming-netflix-youtube-google-adoption,The Verge,Emma Roth,"AV1 is supposed to make streaming better, so why isn’t everyone using it?","When you jump into a video on YouTube or Netflix, a lot happens very quickly behind the scenes. Video data is rapidly downloaded to your device, which then has to unpack and normalize that information into a smooth, hiccup-free stream. The process of encoding…","Techs biggest players are all in on AV1, but competing codecs and technical limitations might be holding it back.
Techs biggest players are all in on AV1, but competing codecs and technical limitati… [+7174 chars]"
2025-04-03,https://www.businessinsider.com/microsoft-cto-ai-generated-code-software-developer-job-change-2025-4,Business Insider,Sarah Perkel,Microsoft CTO breaks down how he sees software developer jobs evolving in the next 5 years,"Microsoft CTO Kevin Scott expects the next half-decade to see 95 percent of code written by AI, but he believes human coders aren't going away.","Kevin Scott, the CTO of Microsoft, expects 95 percent of code to be AI-generated in the next five years.JASON REDMOND/AFP via Getty Images
<ul><li>Kevin Scott, the CTO of Microsoft, says 95% of code… [+3586 chars]"
2025-04-08,https://www.businessinsider.com/bill-gates-didnt-want-daughter-phoebe-drop-out-college-business-2025-4,Business Insider,Amanda Goh,"Phoebe Gates says her father, Bill Gates, wouldn't let her drop out of college to start a business like he did","Bill Gates, who famously dropped out of Harvard to found Microsoft, previously said his kids would inherit less than 1% of his total wealth.","Bill Gates wanted his daughter, Phoebe Gates, to finish college before starting a business.Dimitrios Kambouris/Staff/Getty Images for TIME
<ul><li>Phoebe Gates says her father, Bill Gates, wanted he… [+3152 chars]"
2025-04-09,https://www.businessinsider.com/microsoft-mulls-more-job-cuts-managers-non-coders-2025-4,Business Insider,Ashley Stewart,"Microsoft mulls more job cuts, this time focused on managers and non-coders, not just low-performers, sources say","Inside Microsoft, some leaders eye ""span of control,"" or the number of staff who report to each manager. They want more coders versus non-coders, too.","Microsoft CEO Satya NadellaREUTERS/Eduardo Munoz
<ul><li>Microsoft is discussing job cuts that could happen as soon as next month.</li><li>The cuts would aim to improve metrics such as ""span of cont… [+3078 chars]"
2025-04-05,https://www.businessinsider.com/check-out-microsoft-original-source-code-bill-gates-2025-4,Business Insider,Sarah Jackson,Check out Microsoft's original source code from 50 years ago that Bill Gates calls 'the coolest code' he's ever written,"Microsoft cofounder Bill Gates this week published the code that became the first product of the tech company, which turns 50 this month.","Bill Gates is reflecting on 50 years of Microsoft.Sean Gallup/Getty Images
<ul><li>Bill Gates is taking a look back at the code that started it all.</li><li>The Microsoft cofounder this week publish… [+1947 chars]"
2025-03-24,https://venturebeat.com/games/indiana-jones-and-the-great-circle-hits-ps5-on-april-17/,VentureBeat,Dean Takahashi,Indiana Jones and the Great Circle hits PS5 on April 17,"Microsoft and Bethesda's big Xbox hit, Indiana Jones and the Great Circle, debuts on Sony's PlayStation 5 on April 17.","Microsofts big Xbox hit, Indiana Jones and the Great Circle, debuts on Sonys PlayStation 5 on April 17.
Its part of Microsoft gaming chief Phil Spencers strategy to take Xbox everywhere and debut ev… [+1795 chars]"
2025-03-31,https://tech.slashdot.org/story/25/03/31/1444214/microsoft-is-redesigning-the-windows-bsod-and-it-might-change-to-black,Slashdot.org,msmash,Microsoft is Redesigning the Windows BSOD And It Might Change To Black,"Microsoft has announced that it's overhauling its Blue Screen of Death error message in Windows 11. From a report: The new design drops the traditional blue color, frowning face, and QR code in favor of a simplified screen that looks a lot more like the black…","The new design drops the traditional blue color, frowning face, and QR code in favor of a simplified screen that looks a lot more like the black screen you see when Windows is performing an update. I… [+477 chars]"
2025-03-25,https://gizmodo.com/steamos-on-windows-handhelds-is-bringing-us-one-step-closer-to-the-perfect-gaming-handheld-2000580273,Gizmodo.com,Kyle Barr,SteamOS On Windows Handhelds Is Bringing Us One Step Closer to the Perfect Gaming Handheld,"The Steam Deck's success boils down to ease of use, something that you may soon get on Asus or Lenovo-brand handhelds.","You dont have to look hard for the best gaming handheld PC on the market today. Its the Steam Deck, its always the Steam Deck, and thats mostly thanks to the console-like ease of SteamOS. There’s goo… [+2864 chars]"
2025-04-07,https://venturebeat.com/games/igda-foundation-appoints-shannon-loftis-as-new-chair/,VentureBeat,Dean Takahashi,IGDA Foundation appoints Shannon Loftis as new chair,The IGDA Foundation has appointed former Microsoft exec Shannon Loftis as the new chair of its board of directors.,"The International Game Developers Association Foundation (IGDA-F) has appointed former Microsoft exec Shannon Loftis as the new chair of its board of directors.
She replaces another fellow Microsoft… [+3971 chars]"
2025-03-27,https://www.theverge.com/news/637118/vivaldi-browser-proton-vpn-integration-availability,The Verge,Jess Weatherbed,Vivaldi bundles Proton VPN into its web browser,"Vivaldi and Proton have teamed up to make it easier for Vivaldi browser users to privately explore the web without downloading a virtual private network (VPN). Starting today, the free version of Proton VPN is now integrated directly into Vivaldi’s browser, a…","The free VPN is available in Vivaldis desktop browser and doesnt require a download.
The free VPN is available in Vivaldis desktop browser and doesnt require a download.
Vivaldi and Proton have tea… [+2218 chars]"
2025-03-20,https://www.theverge.com/news/633166/discord-mobile-video-ads-quests-ipo,The Verge,Jess Weatherbed,Discord is getting mobile ads,Discord is bringing third-party ads to its mobile platform. The gaming-focused voice and chat app announced that a mobile pilot for Video Quests — ads that allow Discord users to earn rewards like avatar decorations and in-game items by watching a video — wil…,"Video Quests will start rolling out to mobile users in June.
Video Quests will start rolling out to mobile users in June.
Discord is bringing third-party ads to its mobile platform. The gaming-focu… [+1990 chars]"
2025-04-04,https://www.theverge.com/the-vergecast/643252/tariff-gadget-tech-prices-switch-2-vergecast,The Verge,David Pierce,How tariffs will change your gadgets,"First things first, some exciting news: The Vergecast has been nominated for a Webby Award! This one means a lot to us, especially because itâs an award you get to vote on. Weâd be so grateful if youâd go vote for us once, or 40 times, or however many t…","On The Vergecast: the Switch 2, tariff chaos, Microsofts best gadgets, and the TikTok ban.
On The Vergecast: the Switch 2, tariff chaos, Microsofts best gadgets, and the TikTok ban.
First things fi… [+2389 chars]"
2025-03-20,https://tech.slashdot.org/story/25/03/20/1811249/ai-driven-weather-prediction-breakthrough-reported,Slashdot.org,msmash,AI-Driven Weather Prediction Breakthrough Reported,"A new AI system called Aardvark could deliver weather forecasts as accurate as those from advanced public weather services but run on desktop computers, according to a project unveiled Thursday and published in Nature. Developed by the UK's Alan Turing Instit…","A new AI system called Aardvark could deliver weather forecasts as accurate as those from advanced public weather services but run on desktop computers, according to a project unveiled Thursday and p… [+519 chars]"
2025-03-31,https://slashdot.org/story/25/03/31/2018240/intel-and-microsoft-staff-allegedly-lured-to-work-for-fake-chinese-company-in-taiwan,Slashdot.org,BeauHD,Intel and Microsoft Staff Allegedly Lured To Work For Fake Chinese Company In Taiwan,"Taiwanese authorities have accused 11 Chinese companies, including SMIC, of secretly setting up disguised entities in Taiwan to illegally recruit tech talent from firms like Intel and Microsoft. The Register reports: One of those companies is apparently calle…","One of those companies is apparently called Yunhe Zhiwang (Shanghai) Technology Co., Ltd and develops high-end network chips. The Bureau claims its chips are used in China's ""Data East, Compute West""… [+1315 chars]"
2025-04-02,https://slashdot.org/story/25/04/02/2145238/bill-gates-celebrates-microsofts-50th-by-releasing-altair-basic-source-code,Slashdot.org,BeauHD,Bill Gates Celebrates Microsoft's 50th By Releasing Altair BASIC Source Code,"To mark Microsoft's 50th anniversary, Bill Gates has released the original Altair BASIC source code he co-wrote with Paul Allen, calling it the ""coolest code"" he's ever written and a symbol of the company's humble beginnings. Thurrott reports: ""Before there w…","""Before there was Office or Windows 95 or Xbox or AI, there was Altair BASIC,"" Bill Gates writes on his Gates Notes website. ""In 1975, Paul Allen and I created Microsoft because we believed in our vi… [+768 chars]"
2025-04-09,https://www.macrumors.com/2025/04/09/apple-loses-most-valuable-company/,MacRumors,Tim Hardwick,Apple Dethroned by Microsoft As Top-Valued Company Amid Tariff Fears,"Apple has lost its position as the world's most valuable public company to Microsoft following a dramatic four-day slide in its stock price, driven largely by concerns over President Donald Trump's escalating tariff war with China, where most of its iPhones a…","Apple has lost its position as the world's most valuable public company to Microsoft following a dramatic four-day slide in its stock price, driven largely by concerns over President Donald Trump's e… [+2909 chars]"
2025-04-10,https://entertainment.slashdot.org/story/25/04/10/0011250/microsoft-windows-95-reboot-chime-and-minecraft-soundtrack-inducted-into-national-recording-registry,Slashdot.org,msmash,Microsoft Windows 95 Reboot Chime and Minecraft Soundtrack Inducted Into National Recording Registry,"BrianFagioli writes: In a move that is sure to make longtime PC users do a double take, the Library of Congress has added two very unexpected sounds to its National Recording Registry. No, it's not another classic rock album or jazz staple. Believe it or not,…",The Fine Print: The following comments are owned by whoever posted them. We are not responsible for them in any way.
2025-04-04,https://www.npr.org/2025/04/04/nx-s1-5328683/microsoft-50-year-anniversary-computing-revolution,NPR,Monica Nickelsburg,Microsoft turns 50: A look back at everything from the Altair to the Zune,The company helped launch the software industry and bring a computer to every desktop. Hit products like Windows and the Xbox became household names – but does anyone remember the Zune?,"It all started with two kids who shared a geeky hobby.
Growing up in Seattle, childhood friends Bill Gates and Paul Allen were obsessed with an emerging industry called computing. As teenagers, they… [+8227 chars]"
2025-03-30,https://gizmodo.com/nasa-wipes-graphic-novels-about-women-astronauts-from-its-websites-2000582211,Gizmodo.com,Isaac Schultz,NASA Wipes Graphic Novels About Women Astronauts From Its Websites,The Trump administration's chilling effect on science agencies affects more than just funding.,"NASA has scrubbed two graphic novels featuring female astronauts from its website, in a move that is in apparent alignment with the Trump administration’s anti-DEI stance.
Diversity, Equity, and Inc… [+1796 chars]"
2025-04-14,https://www.businessinsider.com/microsoft-ai-data-center-cloud-decreased-spending-explained-why-2025-4,Business Insider,Alistair Barr,Microsoft is taking its foot off the AI accelerator. What does that mean?,"Microsoft's decision to pace data center growth indicates a shift from AI training to inference, aligning with the industry's embrace of efficiency.","Former Microsoft CEOs Bill Gates, left, and Steve Ballmer, center, pose for photos with CEO Satya Nadella. The company is taking its foot off the AI accelerator.Stephen Brashear/Getty Images
<ul><li… [+6882 chars]"
2025-04-03,https://consent.yahoo.com/v2/collectConsent?sessionId=1_cc-session_3aa71116-60b2-40ff-b8a8-77b38b895867,Yahoo Entertainment,,Microsoft reportedly pulls back on its data center plans,,"If you click 'Accept all', we and our partners, including 239 who are part of the IAB Transparency &amp; Consent Framework, will also store and/or access information on a device (in other words, use … [+702 chars]"
2025-03-31,https://developers.slashdot.org/story/25/03/30/2333226/copilot-cant-beat-a-2013-touchdevelop-code-generation-demo-for-windows-phone,Slashdot.org,EditorDavid,Copilot Can't Beat a 2013 'TouchDevelop' Code Generation Demo for Windows Phone,"What happens when you ask Copilot to ""write a program that can be run on an iPhone 16 to select 15 random photos from the phone, tint them to random colors, and display the photos on the phone""? 

That's what TouchDevelop did for the long-discontinued Windows…","What happens when you ask Copilot to ""write a program that can be run on an iPhone 16 to select 15 random photos from the phone, tint them to random colors, and display the photos on the phone""?That'… [+1313 chars]"
2025-04-03,https://www.androidcentral.com/apps-software/intel-unison-a-powerful-and-free-app-bridging-android-phones-and-pcs-is-shutting-down,Android Central,bradypsnyder@gmail.com (Brady Snyder),"Intel Unison, a powerful free app bridging Android phones and PCs, is shutting down","Intel Unison is arguably the most powerful tool used to connect Android devices to PCs, but it won't be around for much longer.","What you need to know
<ul><li>Intel Unison will be discontinued as of June 30, 2025, at which date its features will be unavailable.</li><li>The app's listings on the Microsoft Store, Google Play St… [+2730 chars]"
2025-04-05,https://x.com/TimSweeneyEpic/status/1908303468349063539,X.com,John Gruber,Tim Sweeney’s Praise for Microsoft,,"Epic CEO Tim Sweeney, yesterday:


 Thanks to Microsoft for 50 years of being awesome to developers!
Some years the software was great. Some years the software sucked.
Every year the company and its … [+159 chars]"
2025-03-18,https://www.businessinsider.com/melinda-french-gates-divorce-bill-gates-hardest-important-painful-microsoft-2025-3,Business Insider,Amanda Goh,Melinda French Gates says she wants people to see her 'thriving' after her divorce from Bill Gates,"""I knew when I got divorced, I would be okay on my own. And I think that was the most important thing,"" Melinda French Gates said.","Melinda French Gates divorced Microsoft founder Bill Gates in 2021.Cindy Ord/Getty Images
<ul><li>Melinda French Gates has moved on with her life following her 2021 divorce from Microsoft founder Bi… [+3017 chars]"
2025-04-11,https://dfarq.homeip.net/when-microsoft-retired-clippy/,Homeip.net,Dave Farquhar,When Microsoft retired Clippy,I didn't find Clippy helpful but maybe I'm just cranky,"Clippy was the unofficial nickname of the office assistant, a feature present in Microsoft Office 97 and Microsoft Office 2000. His proper name was Clippit, but nobody I knew called him that. Clippit… [+5178 chars]"
2025-03-28,https://www.digitaltrends.com/computing/microsoft-forces-windows-11-account-installs/,Digital Trends,Brittany Vincent,Microsoft could make account-free Windows 11 installs a thing of the past,Microsoft has confirmed that it will be locking Windows 11 setup behind access via online Microsoft Accounts.,"The offline Windows 11 install looks like it could officially be a thing of the past. 
Microsoft is officially shutting the door on local accounts during Windows 11 setup, confirming that all new in… [+2051 chars]"
2025-04-04,https://hackaday.com/2025/04/04/this-week-in-security-target-coinbase-leaking-call-records-and-microsoft-hotpatching/,Hackaday,Jonathan Bennett,"This Week in Security: Target Coinbase, Leaking Call Records, and Microsoft Hotpatching","We know a bit more about the GitHub Actions supply chain attack from last month. Palo Alto’s Unit 42 has been leading the charge on untangling this attack, and they’ve just released an …","We know a bit more about the GitHub Actions supply chain attack from last month. Palo Alto’s Unit 42 has been leading the charge on untangling this attack, and they’ve just released an update to thei… [+9801 chars]"
2025-03-24,https://www.wired.com/story/q-day-apocalypse-quantum-computers-encryption/,Wired,Amit Katwala,The Quantum Apocalypse Is Coming. Be Very Afraid,What happens when quantum computers can finally crack encryption and break into the world’s best-kept secrets? It’s called Q-Day—the worst holiday maybe ever.,"One day soon, at a research lab near Santa Barbara or Seattle or a secret facility in the Chinese mountains, it will begin: the sudden unlocking of the worlds secrets. Your secrets.
Cybersecurity an… [+3447 chars]"
2025-04-04,https://www.theverge.com/tech/643753/gpu-tariffs-nvidia-tsmc-chips-openai,The Verge,"Tina Nguyen, Kylie Robison",The AI industry doesn’t know if Trump just killed its GPU supply,"AI companies canât figure out if the Trump tariffs are about to decimate them â and the fact that no one has a clear answer is sending them, and the tech industry overall, into a confusion spiral.  The markets are in disarray. Nvidia is down 7.59%, TSMC i…","Tariff uncertainty has already lost the tech industry over $1 trillion in market cap.
Tariff uncertainty has already lost the tech industry over $1 trillion in market cap.
AI companies cant figure … [+6765 chars]"
2025-04-08,https://www.polygon.com/news/554879/bds-palestine-israel-xbox-microsoft-boycott-candy-crush-minecraft-call-of-duty,Polygon,Ian Walker,Palestinian-led BDS movement adds Microsoft’s Xbox as priority boycott target,"BDS, a pro-Palestinian human rights movement focused on pressuring Israel to comply with international law by promoting boycotts, divestment, and sanctions against the country and its economic partners, added Microsoft and Xbox to its list of targets on April…","BDS, a pro-Palestinian human rights movement focused on pressuring Israel to comply with international law by promoting boycotts, divestment, and sanctions against the country and its economic partne… [+2559 chars]"
2025-04-03,https://hackaday.com/2025/04/03/a-very-trippy-look-at-microsofts-beginnings/,Hackaday,Tom Nardi,A Very Trippy Look at Microsoft’s Beginnings,"It’s not often you’ll see us singing the praises of Microsoft on these pages, but credit where credit is due, this first-person account of how the software giant got its foot in the pro…","It’s not often you’ll see us singing the praises of Microsoft on these pages, but credit where credit is due, this first-person account of how the software giant got its foot in the proverbial door b… [+1664 chars]"
2025-04-10,https://hackaday.com/2025/04/10/windows-on-arm-on-arm/,Hackaday,Bryan Cockfield,Windows on ARM on Arm,"While some companies like Apple have gone all-in on the ARM architecture, others are more hesitant to dive into the deep end. For example, Microsoft remains heavily invested in the x86 architecture…","While some companies like Apple have gone all-in on the ARM architecture, others are more hesitant to dive into the deep end. For example, Microsoft remains heavily invested in the x86 architecture a… [+1465 chars]"
2025-03-17,https://gizmodo.com/googles-new-ai-model-can-remove-watermarks-from-images-2000577015,Gizmodo.com,Thomas Maxwell,Google’s New AI Model Can Remove Watermarks From Images,"Gemini 2.0 Flash's image model is very good, though not perfect, at erasing objects in an image.","Google’s new Gemini Flash 2.0 image generation tool is capable of removing watermarks from copyrighted images, users on social media have found. The model is currently in its “experimental” phase, an… [+1864 chars]"
2025-04-01,https://gizmodo.com/forget-black-friday-this-15-hp-laptop-with-512gb-of-storage-is-dirt-cheap-now-40-off-2000583095,Gizmodo.com,Joe Tilleli,"Forget Black Friday, This 15″ HP Laptop With 512GB of Storage Is Dirt Cheap (Now 40% Off)",Save 40% on an HP laptop with 8 GB of memory and 512 GB of hard drive storage space.,Walmart is making it easy to shop for a new laptop as the website has just knocked a good 40% off the price off for this HP 15-inch portable student and business option. It includes Windows 11 and ha… [+2105 chars]
